"","mysitename","lon","lat","elv","year_start","year_end","years_data","classid","elv_watch","elv_diff","fgpp_total","fgpp_drought","fdroughtdays","perr_pmodel","NNall_rsq","NNgood_rsq","successcode","fvar_min","fvar_max","finalcluster","y_x0","quadfitcluster","evi_norm1","evi_norm2","evi_norm3","fvar1","fvar2","fvar3","alignedcluster","wtd","greve","ai","prec","pet","aet","aet_o_p","pet_o_p","alpha","drain","awc","wtd_degraaf"
"1","AR-SLu",-66.4598,-33.4648,887,2009,2011,3,"MF",887,0,NA,NA,NA,NA,0.810880178249977,0.803898227947169,3,NA,NA,NA,NA,NA,NA,NA,NA,NA,NA,NA,NA,1.208885193,1,0.372581068388903,644.816400173333,1730.63888789357,654.838549535342,1.01568425043206,2.68472197247599,0.42491688867145,6,"100",31.7296051025391
"2","AR-Vir",-56.1886,-28.2395,74,2009,2012,4,"ENF",74,0,6.82706172990765,13.2486893160301,44.4287729196051,-36.9365877307196,0.613532345501825,0.651886042364643,1,0.760791693430585,1.00298514105879,2,0.717276883869621,2,1,1.08479349195176,1.1098999149551,0.992001519880451,0.922603775437045,0.88405328994095,"2",6.273948669,0,1.05318763029298,1648.3486293,1565.59294212973,1310.24221936204,0.798092929375035,0.964531906693266,0.900822147901718,2,"150",5.64066429138184
"3","AT-Neu",11.3175,47.1167,970,2002,2012,11,"GRA",1653,683,NA,NA,NA,NA,0.569932219381767,0.54808579616458,3,NA,NA,NA,NA,NA,NA,NA,NA,NA,NA,NA,NA,33.321212769,0,1.01065337887736,825.703143746364,818.436589195251,743.065254505595,0.913371604505958,1.01441412524714,0.960423156842397,4,"150",137.316271972656
"4","AU-Ade",131.1178,-13.0769,188,2007,2009,3,"WSA",188,0,15.5804322900415,25.7848964361772,70.8097928436911,8.87556164204659,0.864151782850833,0.790293585797218,1,0.624234393572782,1.02196413267212,2,0.552027486164269,2,1,0.760270352549615,0.865200058306875,1.00523618686414,0.80038586432897,0.777271328891699,"2",12.449430466,NA,0.878723833675768,1595.60086903,1818.6645212085,936.163806728826,0.591187582858481,1.15950197187092,0.575625379031674,2,"150",16.9174194335938
"5","AU-ASM",133.249,-22.283,615,2010,2013,4,"ENF",615,0,44.9656376775172,59.3180819392069,75.29296875,380.836499352684,0.832909418940539,0.759710203701991,1,0.545150062020955,NA,1,0.371206250129789,2,1,0.924832742690435,0.918958126038113,0.800857619766008,0.663106445155464,0.604786603243097,"1",17.177463531,2,0.35288148821515,670.671664485,1932.4075537955,662.706585993926,0.991368230533356,3.20847174298409,0.377698201619917,3,"50",34.9406433105469
"6","AU-Cpr",140.5891,-34.0021,51,2010,2014,5,"SAV",51,0,NA,NA,NA,NA,0.654122014588828,0.610490825504729,3,NA,NA,NA,NA,NA,NA,NA,NA,NA,NA,NA,NA,31.860048294,2,0.387942604321971,543.270487052,1412.03909378177,545.806724076202,1.01270386851619,2.76947780419449,0.50030839773429,4,"150",5.04005508422852
"7","AU-Cum",150.7225,-33.6133,107,2012,2014,3,"EBF",107,0,NA,NA,NA,NA,0.325139365615572,0.299518792919493,3,NA,NA,NA,NA,NA,NA,NA,NA,NA,NA,NA,NA,15.281991959,NA,0.613663210429757,840.784154446667,1366.549399808,795.126480059794,0.956571222089218,1.75478299656958,0.66749373780532,4,"150",15.4072738647461
"8","AU-DaP",131.3181,-14.0633,160,2007,2013,7,"GRA",160,0,14.7467635215381,34.8806158890589,65.2391149179158,110.117677475639,0.857652821522132,0.727686681100748,1,0.419249389855281,1.02128041286903,1,0.253717847657179,2,1,0.644481897011324,0.481164467446447,1.00426735901999,0.778176034445193,0.664043425384779,"1",3.847868681,0,0.897182800164409,1609.76579642429,1800.31924067337,971.714416887821,0.612477027595824,1.1499825640974,0.593877056478116,3,"50",10.5862869262695
"9","AU-DaS",131.3881,-14.1593,160,2008,2014,7,"SAV",160,0,19.2770402165083,27.3054824468125,74.7340425531915,11.5877265327661,0.617855547136837,0.3666301270751,1,0.653771558602461,1.01205780641719,2,0.570606447298633,2,1,0.954613323677461,0.898920238799392,1.00502016274278,0.894912224938923,0.832070413241866,"2",17.960306168,0,0.914898886069932,1689.06518895857,1849.9670667665,987.302436567543,0.589541862898672,1.10912448901119,0.589012360497624,3,"50",10.5862869262695
"10","AU-Dry",132.3706,-15.2588,204,2008,2014,7,"SAV",204,0,33.4951983173067,42.3817596767348,81.7783343769568,52.6653240887637,0.777095427080641,0.399296618346093,1,0.515058867946862,1.0457023445105,2,0.386300711697182,2,1,0.994656357903165,0.990908304347542,1.01032010882075,0.861021678246617,0.728745094791476,"2",2.526004553,1,0.629838986153899,1171.17218289429,1873.52298639723,873.926141369707,0.765288071466341,1.67238524561268,0.520979690907961,4,"100",11.4951522827148
"11","AU-Emr",148.4746,-23.8587,220,2011,2013,3,"GRA",220,0,NA,NA,NA,NA,0.431384269911703,0.407959666962393,3,NA,NA,NA,NA,NA,NA,NA,NA,NA,NA,NA,NA,0,2,0.532005067810594,921.123721076667,1736.34842195988,932.645094034048,1.01397966852901,1.89738925289693,0.577638604979343,2,"150",12.1684684753418
"12","AU-Fog",131.3072,-12.5452,90,2006,2008,3,"WET",90,0,27.1373750990437,44.4075586608223,64.5833333333333,178.071155588796,0.674390120851622,0.462653109293268,1,0.533857886229506,0.994772784273931,1,0.476461851948446,2,1,0.860355890780553,0.729814600347952,0.953067783682653,0.673426635028481,0.613618354016504,"1",0,NA,0.956576982222936,1673.23274266333,1750.46804384272,953.222318802107,0.57087118140886,1.04875063204342,0.611656503406538,2,"125",7.74923324584961
"13","AU-Gin",115.7138,-31.3764,127,2011,2014,4,"WSA",127,0,15.847580151301,23.7751314017275,62.3404255319149,55.7343601239712,0.692456312227431,0.706469016675964,1,0.743268552919294,1.00143009968469,2,0.660930977196577,2,1,0.993663849228871,1.02571095954167,0.972036186326408,0.90860914049334,0.797448153394272,"2",10.209285736,NA,0.551938604829574,866.3874807175,1570.08736047925,766.594138154915,0.888691497233624,1.83125210487742,0.64667294365623,6,"100",4.90028610229492
"14","AU-GWW",120.6541,-30.1913,511,2013,2014,2,"SAV",511,0,NA,NA,NA,NA,0.41764801690364,0.407837196411993,3,NA,NA,NA,NA,NA,NA,NA,NA,NA,NA,NA,NA,0,2,0.366119509255909,629.207669755,1718.9127073443,636.288034950169,1.01102850627051,2.73338688380483,0.429735839095455,3,"50",43.2393615722656
"15","AU-How",131.1523,-12.4943,6,2001,2014,14,"WSA",6,0,13.7122376787782,21.0380043491817,71.8170266836086,12.6370827165168,0.739716683637092,0.602160125793424,1,0.707866841907278,1.00569666514646,2,0.638889476698315,2,1,0.922527732736749,0.900116650380489,1.00060587408154,0.922670144891205,0.828572819965729,"2",7.426883221,NA,1.10400486892176,1948.10694432714,1770.79408389733,1035.35201738233,0.543417521418116,0.929671806486273,0.646142388354611,4,"150",0.412665367126465
"16","AU-Lox",140.6551,-34.4704,51,2008,2009,2,"DBF",51,0,NA,NA,NA,NA,NA,NA,0,NA,NA,NA,NA,NA,NA,NA,NA,NA,NA,NA,NA,23.305757523,2,0.276600294922343,385.80640327,1394.90574454324,387.459420335557,1.00421766482594,3.61536599994487,0.381224510719722,4,"150",2.26018753051758
"17","AU-RDF",132.4776,-14.5636,187,2011,2013,3,"WSA",187,0,NA,NA,NA,NA,0.757177151102114,0.783207581477402,3,NA,NA,NA,NA,NA,NA,NA,NA,NA,NA,NA,NA,21.960624695,1,0.93105696735073,1677.01658159667,1833.38716938138,986.329602810693,0.652540793925573,1.23976850116061,0.599493617641516,3,"50",15.401220703125
"18","AU-Rig",145.5759,-36.6499,278,2011,2014,4,"GRA",278,0,NA,NA,NA,NA,NA,NA,0,NA,NA,NA,NA,NA,NA,NA,NA,NA,NA,NA,NA,0.212002128,0,0.525724896349223,645.4199656975,1235.9984461282,622.471901143098,0.9718046533657,2.29474218920326,0.641417074412916,4,"150",6.80386352539062
"19","AU-Rob",145.6301,-17.1175,492,2014,2014,1,"EBF",492,0,NA,NA,NA,NA,0.49878342746669,0.529765416214473,3,NA,NA,NA,NA,NA,NA,NA,NA,NA,NA,NA,NA,0,NA,1.3684341459065,2443.85925953,1785.88006360445,1224.845582288,0.501193175307303,0.730762238717424,0.783449041943901,4,"150",67.0413330078125
"20","AU-Stp",133.3502,-17.1507,240,2008,2014,7,"GRA",240,0,34.8041845529296,52.276047088898,74.3161094224924,171.083089570307,0.726573460371772,0.604895788621768,1,0.271240898628401,1.05538622985031,1,0.032842054173094,2,1,0.967333184832737,0.785781947421327,0.981765526375005,0.73869709502315,0.520602923937907,"1",1.156996131,2,0.521384418728913,992.514927925714,1918.67926371,782.800102382268,0.809730086244728,2.02477288759748,0.443717119684403,2,"150",3.64396820068359
"21","AU-TTE",133.64,-22.287,609,2012,2013,2,"OSH",609,0,NA,NA,NA,NA,NA,NA,0,NA,NA,NA,NA,NA,NA,NA,NA,NA,NA,NA,NA,1.046991706,2,0.256237729322308,528.94113974,2063.92069747603,519.302035385241,0.979614656371739,3.94571494390195,0.281860006120896,5,"15",40.7163726806641
"22","AU-Tum",148.1517,-35.6566,817,2001,2014,14,"EBF",817,0,NA,NA,NA,NA,0.415604992394793,0.409163336330834,3,NA,NA,NA,NA,NA,NA,NA,NA,NA,NA,NA,NA,0,0,0.973585785359673,1177.00186625071,1217.47149735519,856.992409746003,0.754495296083493,1.11052702244301,0.833060859514491,4,"150",61.4241882324219
"23","AU-Wac",145.1878,-37.4259,309,2005,2008,4,"EBF",309,0,NA,NA,NA,NA,0.352932713145349,0.342372562355164,3,NA,NA,NA,NA,NA,NA,NA,NA,NA,NA,NA,NA,36.609714508,0,2.74334244015819,2967.8418456775,1083.17718584689,1068.80957041151,0.370939213110929,0.376778437354027,0.998503837665797,4,"150",48.0650939941406
"24","AU-Whr",145.0294,-36.6732,164,2011,2014,4,"EBF",164,0,15.4661351458368,18.5351161589294,76.248821866164,24.790017467493,0.639964619451173,0.752223809275098,1,0.798664160804823,1.09536445272366,2,0.757576788068515,2,1,1.08841393493776,1.1337389123631,0.960921472083559,0.897743283227154,0.838808726116882,"2",27.108650208,1,0.489532783172647,585.374375815,1203.16884626203,588.285878829816,1.00535561544936,2.09473231756045,0.642545954153077,4,"150",8.25155868530273
"25","AU-Wom",144.0944,-37.4222,705,2010,2012,3,"EBF",437,-268,0.614836493889659,4.54342592594319,0.118483412322275,17.1202017506796,0.736873876837984,0.737553171805632,2,0.984516715164932,1.00148334153025,3,0.982556625252306,1,NA,NA,NA,NA,NA,NA,NA,65.255821228,0,1.17219464595225,1284.36658603333,1099.60938410881,899.128078937593,0.70997491626694,0.880868325944155,0.927790212292527,4,"150",44.9846527099609
"26","AU-Ync",146.2907,-34.9893,133,2012,2014,3,"GRA",133,0,NA,NA,NA,NA,0.846845308830379,0.854375482178756,3,NA,NA,NA,NA,NA,NA,NA,NA,NA,NA,NA,NA,0.543997526,2,0.650329440816528,908.645822936667,1400.48253072728,807.206003933337,0.891472862556714,1.55354030777812,0.754716601572806,4,"150",7.77212829589844
"27","BE-Bra",4.5206,51.3092,16,1996,2014,19,"MF",14,-2,-2.63576590750945,NA,0,NA,0.76432892865571,0.739268111683532,2,NA,0.976820600795642,4,NA,NA,NA,NA,NA,NA,NA,NA,NA,6.018497944,NA,1.27113701594932,956.775004957368,756.714932938791,668.178456756232,0.710389688592263,0.809411355673767,0.968000126605326,2,"100",1.41349258422852
"28","BE-Lon",4.7461,50.5516,167,2004,2014,11,"CRO",93,-74,NA,NA,NA,NA,0.68138748218377,0.671547264040222,3,NA,NA,NA,NA,NA,NA,NA,NA,NA,NA,NA,NA,3.33250165,0,1.1525605823927,916.196288148182,798.72861968038,663.830768123262,0.757170326061257,0.94036389099367,0.936411345865702,4,"150",16.2957580566406
"29","BE-Vie",5.9981,50.3051,493,1996,2014,19,"MF",415,-78,-2.39555480539719,NA,0,NA,0.808636894070501,0.794742813564135,2,NA,0.975854030180146,4,NA,NA,NA,NA,NA,NA,NA,NA,NA,23.95085907,0,1.46912829136129,1083.72130495105,744.169970640432,673.192230325531,0.637932569312848,0.711993233003036,0.977482670158272,4,"50",47.5521179199219
"30","BR-Sa3",-54.9714,-3.018,100,2000,2004,5,"EBF",78,-22,NA,NA,NA,NA,0.0382852754603247,0.0223570292915117,3,NA,NA,NA,NA,NA,NA,NA,NA,NA,NA,NA,NA,16.538660049,0,1.20247472116314,1621.561165252,1348.58194561121,1141.10291887541,0.702528768439381,0.83428986094296,0.894163807279844,4,"150",5.47505187988281
"31","CA-Man",-98.4808,55.8796,259,1994,2008,15,"ENF",249,-10,NA,NA,NA,NA,NA,NA,0,NA,NA,NA,NA,NA,NA,NA,NA,NA,NA,NA,NA,0.404200643,0,0.734276550591909,442.841852438667,604.947041577911,432.160086540583,0.990268136590644,1.41254795454789,0.8712037886729,1,"75",3.97718200683594
"32","CA-NS1",-98.4839,55.8792,260,2001,2005,5,"ENF",249,-11,NA,NA,NA,NA,NA,NA,0,NA,NA,NA,NA,NA,NA,NA,NA,NA,NA,NA,NA,0,0,0.626060954254093,405.191874196,650.002221646528,396.924458906454,0.983957928608436,1.66412429846999,0.81963474258317,1,"75",3.97718200683594
"33","CA-NS2",-98.5247,55.9058,260,2001,2005,5,"ENF",254,-6,NA,NA,NA,NA,NA,NA,0,NA,NA,NA,NA,NA,NA,NA,NA,NA,NA,NA,NA,3.463660002,0,0.776021964419084,432.631437764,573.045317061677,395.84911754876,0.946351871755894,1.44448799231123,0.864183968736682,1,"75",3.97718200683594
"34","CA-NS3",-98.3822,55.9117,260,2001,2005,5,"ENF",249,-11,NA,NA,NA,NA,NA,NA,0,NA,NA,NA,NA,NA,NA,NA,NA,NA,NA,NA,NA,0,0,0.536534446472603,310.80650862,587.182750093647,315.340000937679,1.05662114585074,2.17131729627082,0.774407082535334,1,"75",3.97718200683594
"35","CA-NS4",-98.3822,55.9117,260,2002,2005,4,"ENF",249,-11,NA,NA,NA,NA,NA,NA,0,NA,NA,NA,NA,NA,NA,NA,NA,NA,NA,NA,NA,0,0,0.639371136664917,389.71989611,607.085290888347,365.54167219995,0.95935278558253,1.64325396521186,0.813783914003044,1,"75",3.97718200683594
"36","CA-NS5",-98.485,55.8631,260,2001,2005,5,"ENF",249,-11,NA,NA,NA,NA,NA,NA,0,NA,NA,NA,NA,NA,NA,NA,NA,NA,NA,NA,NA,0.116000816,0,0.684688529729728,403.49882207,593.594589509184,376.901438048781,0.962301093760734,1.61458053086508,0.833686857086323,1,"75",3.97718200683594
"37","CA-NS6",-98.9644,55.9167,244,2001,2005,5,"OSH",254,10,NA,NA,NA,NA,NA,NA,0,NA,NA,NA,NA,NA,NA,NA,NA,NA,NA,NA,NA,8.09120369,0,0.602288965147618,372.052519908,623.011425554926,357.349429330017,0.97480653394178,1.80113234830491,0.801767042217873,1,"75",2.5586669921875
"38","CA-NS7",-99.9483,56.6358,297,2002,2005,4,"OSH",279,-18,NA,NA,NA,NA,NA,NA,0,NA,NA,NA,NA,NA,NA,NA,NA,NA,NA,NA,NA,0,0,0.706116237215828,417.20683921,592.552830666779,391.566918020245,0.955857561340215,1.47836853016983,0.850742589590128,1,"75",2.93953704833984
"39","CA-Qfo",-74.3421,49.6925,382,2003,2010,8,"ENF",402,20,NA,NA,NA,NA,NA,NA,0,NA,NA,NA,NA,NA,NA,NA,NA,NA,NA,NA,NA,0,0,1.62980402167257,1060.39811769375,650.923138404954,631.372670322922,0.607435123327424,0.626906818943254,0.99823215484888,6,"100",3.85293884277344
"40","CA-SF1",-105.8176,54.485,536,2003,2006,4,"ENF",525,-11,NA,NA,NA,NA,NA,NA,0,NA,NA,NA,NA,NA,NA,NA,NA,NA,NA,NA,NA,3.24164319,0,0.886768493143856,573.6492728275,649.62393216773,534.27949445232,0.9403929724986,1.15351602080458,0.92804084791259,1,"150",4.04648132324219
"41","CA-SF2",-105.8775,54.2539,520,2001,2005,5,"ENF",525,5,NA,NA,NA,NA,NA,NA,0,NA,NA,NA,NA,NA,NA,NA,NA,NA,NA,NA,NA,0.891789019,0,0.626328873221073,412.825131314,660.599345818911,383.347431364338,0.94638215927578,1.71258547349095,0.796881438586649,4,"150",12.5975738525391
"42","CA-SF3",-106.0053,54.0916,540,2001,2006,6,"OSH",576,36,NA,NA,NA,NA,NA,NA,0,NA,NA,NA,NA,NA,NA,NA,NA,NA,NA,NA,NA,1.167209029,0,0.71904975744093,483.366984091667,676.622687477867,462.643609758118,0.965576238769507,1.46933980489275,0.844789418253968,4,"150",9.74003601074219
"43","CH-Cha",8.4104,47.2102,393,2005,2014,10,"GRA",540,147,NA,NA,NA,NA,0.489470552844742,0.506475943426553,3,NA,NA,NA,NA,NA,NA,NA,NA,NA,NA,NA,NA,1.056499362,0,1.61315537397161,1269.269315883,787.999525997196,779.35986448963,0.615029030192384,0.62177783679094,0.999072181071972,2,"150",37.2549499511719
"44","CH-Dav",9.8559,46.8153,1639,1997,2014,18,"ENF",1930,291,NA,NA,NA,NA,0.296033356300759,0.341361498606869,3,NA,NA,NA,NA,NA,NA,NA,NA,NA,NA,NA,NA,48.498329163,0,1.33358872138272,991.394767483333,750.812639041558,734.025850967461,0.76928307071012,0.789457505757637,0.997600510468459,4,"15",182.645922851562
"45","CH-Fru",8.5378,47.1158,982,2005,2014,10,"GRA",741,-241,-0.871677535521709,11.2175368025641,0.682205798749289,212.38056406378,0.718834333128779,0.70121576246815,2,NA,0.984917413270094,4,NA,NA,NA,NA,NA,NA,NA,NA,NA,16.852632523,0,1.83666867591575,1429.207100187,783.193903959844,762.870766792481,0.558307091971091,0.578222927806923,0.994266206971081,2,"150",37.2549499511719
"46","CH-Lae",8.365,47.4781,689,2004,2014,11,"MF",540,-149,0.41149592927795,5.39467829318507,4.00966183574879,44.0076811677495,0.699729353398042,0.690633453807872,2,NA,0.989487919819185,4,NA,NA,NA,NA,NA,NA,NA,NA,NA,39.585601807,0,1.70694874606549,1307.06108591545,767.171637484606,759.403281124324,0.584255235852836,0.59043050202523,0.998744370624049,3,"15",24.6913467407227
"47","CH-Oe1",7.7319,47.2858,450,2002,2008,7,"GRA",610,160,0.914775420884828,9.69241809831012,8.1899518238128,8.57524365748331,0.555728985634209,0.565595242151863,1,0.860544355179822,0.996777919504941,3,0.820094125449379,1,NA,NA,NA,NA,NA,NA,NA,0,0,1.68377084351619,1360.54207100286,813.60256728074,761.039819947041,0.573777093966866,0.619488579625345,0.984866699397385,2,"150",29.9107482910156
"48","CH-Oe2",7.7343,47.2863,452,2004,2014,11,"CRO",610,158,NA,NA,NA,NA,0.525803959454008,0.450221092675926,3,NA,NA,NA,NA,NA,NA,NA,NA,NA,NA,NA,NA,0,0,2.73004305871311,2200.25249378,808.855048195494,799.009989022719,0.398457643444644,0.406103522777947,0.998177280810058,2,"150",29.9107482910156
"49","CN-Cha",128.0958,42.4025,1057,2003,2005,3,"MF",1057,0,NA,NA,NA,NA,NA,NA,0,NA,NA,NA,NA,NA,NA,NA,NA,NA,NA,NA,NA,9.883335114,0,0.73369229391164,623.807475096667,850.847857454798,605.953711294489,0.970470573820401,1.36517259015338,0.80207032711459,NA,NA,74.821923828125
"50","CN-Cng",123.5092,44.5934,130,2007,2010,4,"GRA",130,0,2.03772031226335,-17.8169314914932,0.9375,-6.70335233959619,0.817098208306679,0.801746920277928,2,0.956321758960515,1.03112962825418,3,0.938113314482729,1,NA,NA,NA,NA,NA,NA,NA,0,1,0.498286523803672,465.23329864,934.591481032718,456.69295237588,0.981346956472406,2.04753472564767,0.631347374200913,4,"150",2.92438812255859
"51","CN-Dan",91.0664,30.4978,4764,2004,2005,2,"GRA",4764,0,NA,NA,NA,NA,0.809868724657962,0.685407931026497,3,NA,NA,NA,NA,NA,NA,NA,NA,NA,NA,NA,NA,16.782793045,1,0.604708816571747,725.652377785,1200.79400556858,704.30528577529,0.970333611565598,1.65770806751341,0.596071565525114,3,"150",125.635327148437
"52","CN-Din",112.5361,23.1733,70,2003,2005,3,"EBF",70,0,NA,NA,NA,NA,0.611919197617194,0.564955221242889,3,NA,NA,NA,NA,NA,NA,NA,NA,NA,NA,NA,NA,110.957977295,0,1.24700803884273,1540.83526553333,1241.97358203004,1003.73714108549,0.655003433712377,0.810423279952549,0.814609624150178,4,"150",0.952014255523682
"53","CN-Du2",116.2836,42.0467,1353,2006,2008,3,"GRA",1353,0,NA,NA,NA,NA,0.795907481474772,0.858479013628854,3,NA,NA,NA,NA,NA,NA,NA,NA,NA,NA,NA,NA,3.726563215,1,0.543430692345039,512.427312133333,947.826484634003,504.495348642776,0.987326434652944,1.92090819069311,0.639075744350221,3,"150",121.661206054687
"54","CN-Ha2",101.3269,37.6086,3563,2003,2005,3,"WET",3563,0,NA,NA,NA,NA,NA,NA,0,NA,NA,NA,NA,NA,NA,NA,NA,NA,NA,NA,NA,0,1,0.720018927333477,710.79919182,987.750458714771,713.839084019234,1.00471201931801,1.39193659845416,0.804223727650939,3,"150",183.195043945313
"55","CN-HaM",101.18,37.37,3516,2002,2004,3,"GRA",3516,0,NA,NA,NA,NA,NA,NA,0,NA,NA,NA,NA,NA,NA,NA,NA,NA,NA,NA,NA,7.789417267,1,0.793479344878147,768.34647118,968.170936037777,732.946983140029,0.956475379647152,1.26558624519357,0.794551658005364,3,"150",172.237939453125
"56","CN-Qia",115.0581,26.7414,238,2003,2005,3,"ENF",238,0,8.14840026919734,17.2426717060133,54.233409610984,-17.2267325112349,0.839807540904842,0.738416934743666,1,0.693088152777697,1.00733403723808,2,0.614360839855925,2,1,0.995891506419546,0.891583783055223,0.989317907436243,0.917799512760099,0.830685680655541,"2",27.344404221,0,1.08808338528067,1337.61786518,1236.82037820737,1030.8454391239,0.782207051130071,0.957136328398326,0.89454575058346,4,"150",12.4193771362305
"57","CN-Sw2",111.8971,41.7902,1469,2010,2012,3,"GRA",1469,0,NA,NA,NA,NA,NA,NA,0,NA,NA,NA,NA,NA,NA,NA,NA,NA,NA,NA,NA,4.323431492,1,0.438248980144278,480.648674633333,1095.78362976513,479.97475103083,1.00910461249379,2.38215082761445,0.631562712937595,4,"150",75.7376892089844
"58","CZ-BK1",18.5369,49.5021,875,2004,2008,5,"ENF",597,-278,NA,NA,NA,NA,0.555974556134559,0.551392963028638,3,NA,NA,NA,NA,NA,NA,NA,NA,NA,NA,NA,NA,34.160774231,0,1.9849993200753,1630.041433806,820.681050554609,797.923809255567,0.49756940451624,0.511433451834277,0.995871861317678,5,"15",64.1440551757812
"59","CZ-BK2",18.5429,49.4944,855,2004,2006,3,"GRA",597,-258,NA,NA,NA,NA,0.794331606712263,0.746929821154824,3,NA,NA,NA,NA,NA,NA,NA,NA,NA,NA,NA,NA,44.840129852,0,1.9473877968545,1543.21424942667,793.256413926241,785.988148197208,0.529279243586206,0.534984521936971,0.999237623621077,4,"100",64.1440551757812
"60","CZ-wet",14.7704,49.0247,426,2006,2014,9,"WET",477,51,-1.81466455801587,12.2790792680293,1.28996074032529,1119.69282123984,0.781063038286539,0.766515285013428,2,1.02643483069803,0.960312097516223,3,1,1,NA,NA,NA,NA,NA,NA,NA,0,0,0.944711661138314,742.302367103333,786.085741222739,698.303397019293,0.942958605471312,1.06543210499221,0.955280430854534,2,"150",18.4837997436523
"61","DE-Akm",13.6834,53.8662,-1,2009,2014,6,"WET",22,23,1.95099319892404,19.9951811408091,2.35173824130879,18.0069371141388,0.886176904053429,0.868524694328718,2,0.972231894787683,0.914927812462968,3,0.924553422607058,1,NA,NA,NA,NA,NA,NA,NA,0.100500159,NA,1.07051941184879,783.078577031667,732.024771092454,596.863989203563,0.765708712092056,0.941946703069478,0.946202657773429,1,"150",1.20529823303223
"62","DE-Geb",10.9143,51.1001,161.5,2001,2014,14,"CRO",261,99.5,-2.03575063622008,19.7771995937521,9.5304347826087,164.452374794061,0.801556465894983,0.793352977444303,2,1.07957608180436,1.03102770262941,3,1,1,NA,NA,NA,NA,NA,NA,NA,2.533188343,0,0.895372601239495,657.574042681429,737.703465876867,608.73206411248,0.934145419954571,1.14991598365869,0.926605437427391,4,"150",10.0363433837891
"63","DE-Gri",13.5125,50.9495,385,2004,2014,11,"GRA",430,45,0.229136329589397,3.23831539205701,1.12847222222222,90.3038761304761,0.70422027914595,0.699499833703425,2,NA,0.995934434583409,4,NA,NA,NA,NA,NA,NA,NA,NA,NA,17.395059586,0,1.40844601375951,1073.59088054182,763.062793171644,722.029266466376,0.685092283804026,0.724522628822752,0.992557532342999,4,"100",30.0257507324219
"64","DE-Hai",10.453,51.0792,430,2000,2012,13,"DBF",330,-100,-1.08862574280553,47.0446542468944,3.47826086956522,514.026194422061,0.873897832044995,0.837576994777928,2,1.02882901087385,0.821287920182112,3,0.952926217609116,1,NA,NA,NA,NA,NA,NA,NA,45.851066589,0,1.24494201346934,884.851140482308,717.932960987267,640.561343311827,0.744369993995462,0.855909116775381,0.967503677491762,4,"150",14.4654571533203
"65","DE-Kli",13.5225,50.8929,478,2004,2014,11,"CRO",430,-48,2.4548740594097,9.02749522719677,32.905772076961,72.4296895797874,0.824490876163655,0.834253251901284,1,NA,0.980263769017906,4,NA,NA,NA,NA,NA,NA,NA,NA,NA,45.383464813,0,1.25188200100695,940.828774051818,753.347737094684,692.3695509872,0.743929172991434,0.812085156523494,0.984040783674317,4,"100",30.0257507324219
"66","DE-Lkb",13.3047,49.0996,1308,2009,2013,5,"ENF",677,-631,NA,NA,NA,NA,0.74176143441173,0.738093643986411,3,NA,NA,NA,NA,NA,NA,NA,NA,NA,NA,NA,NA,29.965688705,0,1.71233477387826,1242.43289596,727.165826482162,715.383433737829,0.612002881519588,0.625487792903357,0.997694172446184,4,"50",63.1859619140625
"67","DE-Obe",13.7196,50.7836,735,2008,2014,7,"ENF",430,-305,-0.403083235601764,9.88470491949596,0.490596892886345,-20.622770668099,0.798454506443933,0.796551961663998,2,NA,0.977066959464941,4,NA,NA,NA,NA,NA,NA,NA,NA,NA,78.940620422,0,1.58742706663746,1172.20548712,740.52417948597,703.544578054824,0.613788776928953,0.646103860095954,0.992341071086882,4,"50",62.801708984375
"68","DE-RuR",6.3041,50.6219,514.7,2011,2014,4,"GRA",278,-236.7,-1.98688548202743,NA,0,NA,0.685762392260046,0.672062610861348,2,NA,0.984669360389282,4,NA,NA,NA,NA,NA,NA,NA,NA,NA,13.045799255,0,1.43590100270767,995.97346699,694.555861919278,667.438135016717,0.681390532666451,0.711187051881264,0.996261447939769,4,"50",43.5793762207031
"69","DE-RuS",6.4472,50.8659,102.8,2011,2014,4,"CRO",278,175.2,NA,NA,NA,NA,0.653645590716918,0.611263641337916,3,NA,NA,NA,NA,NA,NA,NA,NA,NA,NA,NA,NA,0,0,0.94561897941671,677.62739655,716.774642823408,603.949038362922,0.894162238823695,1.07473162551819,0.94601998562731,2,"150",7.88076629638672
"70","DE-Seh",6.4497,50.8706,103,2007,2010,4,"CRO",278,175,NA,NA,NA,NA,0.665099999921963,0.640648105074507,3,NA,NA,NA,NA,NA,NA,NA,NA,NA,NA,NA,NA,0,0,0.975443015239356,696.0829455425,715.125241105824,599.772370995352,0.867125570382597,1.04558295738148,0.94265724509676,2,"150",7.88076629638672
"71","DE-SfN",11.3275,47.8064,590,2012,2014,3,"WET",777,187,NA,NA,NA,NA,0.661884810392802,0.655761094677564,3,NA,NA,NA,NA,NA,NA,NA,NA,NA,NA,NA,NA,0,0,1.35016875404007,1073.94105086667,794.753413936267,772.516593906283,0.723174092554933,0.744330896209049,0.997528043342756,1,"150",47.45224609375
"72","DE-Spw",14.0337,51.8923,63,2010,2014,5,"WET",81,18,-4.68615947325306,24.6560265893647,1.07421875,87.5839633881078,0.903546622810114,0.879329169796521,2,NA,0.945566570317897,4,NA,NA,NA,NA,NA,NA,NA,NA,NA,7.660140991,0,0.988052449530765,774.773159568,786.171583558077,647.505496225611,0.84730706678732,1.02694142611787,0.946716548336595,2,"150",2.55036659240723
"73","DE-Tha",13.5669,50.9636,380,1996,2014,19,"ENF",430,50,2.08348230903682,9.91239275340661,16.6965888689408,-23.8351549752452,0.844361614956371,0.854411885458709,1,NA,0.968729144519664,4,NA,NA,NA,NA,NA,NA,NA,NA,NA,47.484477997,0,1.29260346171483,971.07421211421,756.184543261313,681.278516746108,0.710469416550553,0.795629437702684,0.977575738110116,4,"100",30.0257507324219
"74","DK-Fou",9.5872,56.4842,51,2005,2005,1,"CRO",51,0,NA,NA,NA,NA,0.850745618828944,0.632403471568645,3,NA,NA,NA,NA,NA,NA,NA,NA,NA,NA,NA,NA,30.957530975,NA,1.22650673845596,776.28432721,632.923002271687,604.56248716768,0.778790020584989,0.815323690156725,1,6,"100",2.8939489364624
"75","DK-NuF",-51.3861,64.1308,50,2008,2014,7,"WET",414,364,3.80699060770594,9.45841123154041,25.9717314487633,157.270338572916,0.590060791229049,0.676788424980611,1,NA,1.03042650811732,4,NA,NA,NA,NA,NA,NA,NA,NA,NA,NA,NA,2.71075500502237,1047.53643194286,385.51468298601,383.355899518101,0.376716177207642,0.37865898692106,1,4,"125",NA
"76","DK-Sor",11.6446,55.4859,40,1996,2014,19,"DBF",26,-14,-0.579517016410236,13.3542481348971,4.50819672131148,99.1599641102054,0.882170850583922,0.863987857192277,1,0.942430637275892,0.966393924477174,3,0.897228892147585,1,NA,NA,NA,NA,NA,NA,NA,9.310850143,NA,1.43668364161615,980.357519213684,684.853661163173,591.493955499235,0.640911695278639,0.756145630660221,0.963939833708701,5,"100",3.1742073059082
"77","DK-ZaF",-20.5545,74.4814,38,2008,2011,4,"WET",568,530,NA,NA,NA,NA,NA,NA,0,NA,NA,NA,NA,NA,NA,NA,NA,NA,NA,NA,NA,NA,NA,0.959949196491323,276.1247610275,287.531410513503,212.124695856151,0.784034090344932,1.06466226987206,0.962293768536638,4,"125",NA
"78","DK-ZaH",-20.5503,74.4732,38,2000,2014,15,"GRA",568,530,NA,NA,NA,NA,NA,NA,0,NA,NA,NA,NA,NA,NA,NA,NA,NA,NA,NA,NA,NA,NA,0.867603832487404,253.37467695,292.061038669373,197.975135986509,0.820187165329014,1.23178108431859,0.89777261971878,4,"125",NA
"79","ES-LgS",-2.9658,37.0979,2267,2007,2009,3,"OSH",1267,-1000,NA,NA,NA,NA,0.559952640088706,0.626384670080604,3,NA,NA,NA,NA,NA,NA,NA,NA,NA,NA,NA,NA,155.64213562,NA,0.60209109853703,725.93414648,1199.81290828968,605.168924052268,0.86244876488065,1.70264464412241,0.677110291237226,4,"0",113.365515136719
"80","ES-Ln2",-3.4758,36.9695,2249,2009,2009,1,"OSH",810,-1439,NA,NA,NA,NA,-0.00564790445396945,0.0152296360232042,3,NA,NA,NA,NA,NA,NA,NA,NA,NA,NA,NA,NA,42.877716064,NA,0.586820102130887,777.32317076,1324.63623508695,624.18033349979,0.802986913267387,1.70409976817215,0.657825343052838,3,"50",87.3852478027344
"81","FI-Hyy",24.295,61.8475,181,1996,2014,19,"ENF",138,-43,1.46832582920871,10.621230254044,16.5777777777778,5.51030799576901,0.802060592199445,0.78259136909294,1,NA,0.985096330539864,4,NA,NA,NA,NA,NA,NA,NA,NA,NA,27.764129639,0,1.35542408473488,705.266534279474,523.95605354091,487.361722947189,0.716093616056446,0.776510031421348,0.98878535908836,1,"150",11.3598281860352
"82","FI-Jok",23.5135,60.8986,109,2000,2003,4,"CRO",124,15,NA,NA,NA,NA,0.77530333907596,0.77971861871623,3,NA,NA,NA,NA,NA,NA,NA,NA,NA,NA,NA,NA,0.321794599,0,1.39219695714823,722.7482732475,523.262828966455,491.944176632138,0.689178962836568,0.736047632903025,0.996493213437704,6,"50",12.1817176818848
"83","FI-Lom",24.2092,67.9972,274,2007,2009,3,"WET",288,14,NA,NA,NA,NA,NA,NA,0,NA,NA,NA,NA,NA,NA,NA,NA,NA,NA,NA,NA,2.919060707,0,1.58099538222022,633.309665736667,404.385150281198,386.124787010559,0.626751446482168,0.664262829069386,0.998177074769877,1,"150",21.6208892822266
"84","FI-Sod",26.6378,67.3619,180,2001,2014,14,"ENF",220,40,-3.01570677079241,NA,0,NA,0.676614514734021,0.612227749109946,2,NA,0.89985052616105,4,NA,NA,NA,NA,NA,NA,NA,NA,NA,9.104138374,0,1.503873454888,616.693639142857,412.44026753062,404.111334139335,0.659809632997258,0.67448307540059,0.99959974068431,1,"150",15.1324523925781
"85","FR-Fon",2.7801,48.4764,103,2005,2014,10,"DBF",104,1,-8.97913870874787,51.052215311595,0.168634064080944,346.896515065066,0.854991753372091,0.810843710759278,2,1.26302553571452,0.881437673594514,3,1,1,NA,NA,NA,NA,NA,NA,NA,23.06927681,0,0.993549894887315,833.736743139,840.754323935605,681.328176566426,0.820109198540141,1.01538374304955,0.9268794904414,4,"50",4.43191184997559
"86","FR-Gri",1.9519,48.8442,125,2004,2013,10,"CRO",132,7,NA,NA,NA,NA,0.752342708978863,0.727353560866158,3,NA,NA,NA,NA,NA,NA,NA,NA,NA,NA,NA,NA,18.224636078,0,0.911083698421091,731.410120253,805.466703026962,629.575113183867,0.862938438428484,1.11197339915415,0.910360340319635,4,"100",8.50810775756836
"87","FR-LBr",-0.7693,44.7171,61,1996,2008,13,"ENF",42,-19,5.1685634184348,13.4075663587994,26.3222131814483,2.04401844156533,0.751861158795446,0.807777499841804,1,0.848446786230461,0.982013474496189,2,0.787968579584453,2,1,0.986351908682336,0.97610029682387,0.980923408784787,0.91366272101753,0.862646418649948,"2",8.816152573,NA,1.11754188787611,1084.05587790538,971.505449529812,715.297900826347,0.662204922728379,0.905136589444494,0.879988618167829,6,"100",5.21477432250977
"88","FR-Pue",3.5958,43.7414,270,2000,2014,15,"EBF",209,-61,11.9552282987675,28.5523481040715,35.3345989558614,116.167712629751,0.676649730628207,0.758581360612367,1,0.508345497525254,1.00124895931698,2,0.352517827538115,2,1,0.965147419477902,0.970654910717683,0.987824711974681,0.842962465962446,0.663338323853224,"2",35.336925507,0,0.992357592611655,1123.08047602067,1132.96069464824,717.462348727462,0.657187866101233,1.04066828811681,0.81790682184243,3,"15",9.1894660949707
"89","GF-Guy",-52.9249,5.2788,48,2004,2014,11,"EBF",21,-27,NA,NA,NA,NA,0.168829118243901,0.219267102024597,3,NA,NA,NA,NA,NA,NA,NA,NA,NA,NA,NA,NA,6.265669823,NA,1.99053711216545,3314.60894782182,1665.84483750513,1374.79105500879,0.417129015748201,0.505844765794023,0.881262021212121,2,"150",5.40700836181641
"90","IT-BCi",14.9574,40.5238,20,2004,2014,11,"CRO",388,368,NA,NA,NA,NA,0.687225980685422,0.585499428492707,3,NA,NA,NA,NA,NA,NA,NA,NA,NA,NA,NA,NA,0.331996053,NA,1.14699770292801,1392.09515711182,1218.28637245797,787.731281058848,0.575134043083825,0.892468297993253,0.826136557186345,5,"15",NA
"91","IT-CA1",12.0266,42.3804,200,2011,2014,4,"DBF",266,66,NA,NA,NA,NA,0.790854615136879,0.774798263572853,3,NA,NA,NA,NA,NA,NA,NA,NA,NA,NA,NA,NA,7.070333004,NA,0.835295777023527,967.515470685,1164.69123147136,753.649766167186,0.781428816579903,1.21963830934772,0.817863020694716,4,"50",13.4373916625977
"92","IT-CA2",12.026,42.3772,200,2011,2014,4,"CRO",266,66,NA,NA,NA,NA,0.714738704606589,0.681148825575301,3,NA,NA,NA,NA,NA,NA,NA,NA,NA,NA,NA,NA,7.070333004,NA,0.835931554175259,967.077253685,1162.79564628957,750.603762745563,0.778678617324648,1.21811971054186,0.817368380153294,4,"50",13.4373916625977
"93","IT-CA3",12.0222,42.38,197,2011,2014,4,"DBF",266,69,NA,NA,NA,NA,0.822579085293368,0.850804929425941,3,NA,NA,NA,NA,NA,NA,NA,NA,NA,NA,NA,NA,5.799672604,NA,0.787480544283141,907.7469036825,1161.20508780651,710.697282379484,0.791786070194523,1.31261536581321,0.785583495373994,4,"50",13.4373916625977
"94","IT-Col",13.5881,41.8494,1560,1996,2014,19,"DBF",986,-574,0.0744609343891756,37.0230035196014,2.77246653919694,636.857968221557,0.841243861549907,0.803386469401056,2,0.956518632167214,0.805238073418607,3,0.882388971957903,1,NA,NA,NA,NA,NA,NA,NA,13.40588665,NA,1.30834670697294,1357.57587552526,1040.68109933009,767.131732472042,0.577649516468946,0.793664950098456,0.881954725337316,3,"50",90.6418273925781
"95","IT-Cp2",12.3573,41.7043,19,2012,2014,3,"EBF",35,16,8.69591095101832,17.8903884217904,41.6216216216216,16.3706656164092,0.63870057458127,0.709515783575226,1,0.746620847795641,1.00966446018451,2,0.686148428295723,2,1,0.975320346944281,0.964683917333935,0.991741472283418,0.930613981495738,0.859856068358549,"2",5.277274132,NA,0.892699037805541,1052.17231645667,1180.61617352655,782.50384193382,0.745021295333034,1.13107933013786,0.821541644553164,5,"15",0.518630504608154
"96","IT-Cpz",12.3761,41.7052,68,1997,2009,13,"EBF",35,-33,8.99781402171272,19.3849429684306,36.6129032258065,29.2080591277693,0.63675435224221,0.666031470434034,1,0.737992820536217,0.993275180733591,2,0.641693889398338,2,1,1.03299826623921,0.996685829926914,1.00697791213075,0.921719340484544,0.822170098650138,"2",5.100292683,NA,0.882528801834578,1011.55257958615,1146.36669571949,676.074924430396,0.687270486557007,1.18137370408005,0.787798733149347,2,"100",0.518630504608154
"97","IT-Isp",8.6336,45.8126,210,2013,2014,2,"DBF",317,107,-0.861942120664838,NA,0,NA,0.878816985269169,0.860467666149943,2,NA,0.99074193275651,4,NA,NA,NA,NA,NA,NA,NA,NA,NA,4.261411667,0,2.29309965443933,2161.937690575,943.937093017796,887.897145595912,0.414565378434436,0.444249550333719,0.981838923320287,4,"150",20.6969833374023
"98","IT-La2",11.2853,45.9542,1350,2000,2002,3,"ENF",813,-537,NA,NA,NA,NA,0.711412794550351,0.708418940033992,3,NA,NA,NA,NA,NA,NA,NA,NA,NA,NA,NA,NA,113.122993469,0,1.8546453181137,1661.73657867,898.340845263941,880.386045005163,0.542628430070641,0.555877787913588,0.996663361339422,3,"50",168.744348144531
"99","IT-Lav",11.2813,45.9562,1353,2003,2014,12,"ENF",813,-540,0.419196047688919,7.25501411403938,0.517464424320828,29.419448610797,0.637237188187321,0.633706668592339,2,NA,0.983829595395292,4,NA,NA,NA,NA,NA,NA,NA,NA,NA,59.725105286,0,1.55618877948142,1470.11993965917,950.180998062253,918.662272467124,0.647595428463761,0.672803390077831,0.99380478563637,3,"50",168.744348144531
"100","IT-MBo",11.0458,46.0147,1550,2003,2013,11,"GRA",1023,-527,0.103413498034011,6.70868354167802,3.2329988851728,275.523114937324,0.793708986570961,0.77857191937422,2,NA,0.982601301693231,4,NA,NA,NA,NA,NA,NA,NA,NA,NA,15.330342293,0,1.31545969322631,1148.95171396364,878.484762762605,806.750219203262,0.716308205508869,0.784995542298193,0.979263912184467,3,"50",83.4420532226563
"101","IT-Noe",8.1515,40.6061,28,2004,2014,11,"CSH",72,44,29.9365041705612,44.9473083133019,57.1803278688525,68.9152423202604,0.661962021156349,0.631389935460994,1,0.372576703494142,1.01274608923105,2,0.190585117535497,2,1,1.00636656629726,1.02876921845086,1.00481053888688,0.802837867385505,0.621523786256113,"2",23.307172775,NA,0.61706100688704,788.823635310909,1282.32248284492,638.843100066096,0.823265689603312,1.65864981951,0.709064175049912,3,"50",NA
"102","IT-PT1",9.061,45.2009,60,2002,2004,3,"DBF",92,32,7.99430711402853,16.3179953713496,23.371104815864,-1.44193537535651,0.886330739792946,0.877783099914835,1,0.854011310016468,1.01381969396116,3,0.833412030238345,1,NA,NA,NA,NA,NA,NA,NA,1.280500293,0,0.913534609403357,964.124373826667,1074.5611619551,685.403507919365,0.720561080043968,1.17744369425528,0.820045582046822,2,"150",4.69174842834473
"103","IT-Ren",11.4337,46.5869,1730,1998,2013,16,"ENF",1705,-25,0.241215330875422,4.05059553698106,5.06735086593971,-4.36068892758698,0.546429334751592,0.540626203131548,2,0.940065745371406,1.00769357877676,3,0.931548390604855,1,NA,NA,NA,NA,NA,NA,NA,55.503204346,0,1.32376292754297,1077.5223917975,817.869453924188,798.016438854174,0.754066064043815,0.776776602502207,0.993650827554903,5,"50",98.8644165039063
"104","IT-Ro1",11.93,42.4081,235,2000,2008,9,"DBF",124,-111,19.4816099642106,35.008402799608,37.4581939799331,58.3953052872787,0.803736711812474,0.866313502193854,1,0.555423417378897,0.989501330217329,2,0.403556369728984,2,1,0.965226851579797,0.892851329078853,0.991457156544434,0.835879631666179,0.67481894667528,"2",11.759609222,NA,0.872994618720343,1006.00596122111,1155.72457331878,690.769253824195,0.706327884155256,1.20322280983383,0.791244291133338,3,"50",13.4373916625977
"105","IT-Ro2",11.9209,42.3903,160,2002,2012,11,"DBF",124,-36,NA,NA,NA,NA,0.747350521822597,0.690615177827624,3,NA,NA,NA,NA,NA,NA,NA,NA,NA,NA,NA,NA,22.726045609,NA,0.847535482083029,993.226220302727,1182.1309655708,677.986523522286,0.711090614748375,1.2928920916944,0.766995819549705,4,"50",13.4373916625977
"106","IT-SR2",10.291,43.732,12,2013,2014,2,"ENF",86,74,5.44004013373557,11.0807478192028,35.0467289719626,-23.9020346754553,0.857287756758012,0.872966996803493,1,0.843027860695039,1.00343651844012,3,0.813077983891366,1,NA,NA,NA,NA,NA,NA,NA,5.50203228,NA,1.40433029333558,1516.06952786,1079.83372926724,737.767535498259,0.489556893386041,0.724647989324362,0.855634483648619,5,"15",NA
"107","IT-SRo",10.2844,43.7279,6,1999,2012,14,"ENF",86,80,6.75995223861794,18.4985626284964,27.3350471293916,-20.9318204448662,0.602675852420044,0.686127125335531,1,0.816772315105776,0.986688588793248,2,0.736964023771733,2,1,1.08144537675196,1.08714273905025,0.982082915150371,0.887678031114456,0.811653040891547,"2",5.50203228,NA,0.987452968797243,1065.93392441357,1086.35155055462,675.189963508083,0.685495941536355,1.18536446038428,0.806024508804709,5,"15",NA
"108","IT-Tor",7.5781,45.8444,2160,2008,2014,7,"GRA",1967,-193,0.515953813755365,3.7347783898994,11.5116279069767,189.966429742497,0.783100276594211,0.772608058212318,2,0.992870826516514,0.961147640719818,3,0.98375177110487,1,NA,NA,NA,NA,NA,NA,NA,24.471557617,0,1.1103933338002,929.679063781429,839.660361197337,760.508643981582,0.819664131324194,0.910239119220563,0.973637540766626,3,"15",285.5814453125
"109","JP-MBF",142.3186,44.3869,296,2003,2005,3,"DBF",296,0,NA,NA,NA,NA,0.75558855231788,0.713456501438956,3,NA,NA,NA,NA,NA,NA,NA,NA,NA,NA,NA,NA,28.860704422,NA,1.54109496444214,1046.33860248,678.94554686499,647.813944320928,0.625806068924522,0.658220780005363,0.996513898014061,2,"150",20.771337890625
"110","JP-SMF",137.0788,35.2617,319,2002,2006,5,"MF",319,0,0.1459989204179,4.54146232157259,1.96463654223969,45.0041972608164,0.701026804215332,0.695850702758175,2,NA,0.995654835991334,4,NA,NA,NA,NA,NA,NA,NA,NA,NA,79.564826965,NA,1.66207850072095,1697.572786668,1025.34747982188,1017.47458997856,0.626539624233093,0.633368770334297,0.999148978212655,4,"150",1.81802597045898
"111","NL-Hor",5.0713,52.2404,2.2,2004,2011,8,"GRA",2,-0.2,-0.230605877341006,18.7284541697626,0.894454382826476,30.4061697635639,0.856375761284528,0.830691382104681,2,1.01091446910686,0.977656791973087,3,0.979310978508919,1,NA,NA,NA,NA,NA,NA,NA,0.372799218,0,1.66881618789358,1158.37546385,695.054817317866,643.159380898812,0.555864808812451,0.603104008523102,0.986022033414873,1,"150",0.667184495925903
"112","NL-Loo",5.7436,52.1666,25,1996,2013,18,"ENF",22,-3,0.402847772193693,4.93015611774916,0.728862973760933,-33.8858542926229,0.869999472397283,0.866816970630976,2,0.961609126125187,0.9799420381487,3,0.938702561026227,1,NA,NA,NA,NA,NA,NA,NA,7.047121525,0,1.46955033938343,956.069942483333,656.299356857232,597.370819085113,0.643667449003572,0.723143401225673,0.975726873615037,6,"100",1.94381542205811
"113","NO-Adv",15.923,78.186,17,2011,2014,4,"WET",317,300,NA,NA,NA,NA,NA,NA,0,NA,NA,NA,NA,NA,NA,NA,NA,NA,NA,NA,NA,0,NA,1.01707421760209,256.975672885,252.657448044736,217.226017053444,0.845746819683593,0.984602029529166,1,NA,NA,40.3551452636719
"114","NO-Blv",11.8311,78.9216,25,2008,2009,2,"SNO",132,107,NA,NA,NA,NA,NA,NA,0,NA,NA,NA,NA,NA,NA,NA,NA,NA,NA,NA,NA,0,NA,2.19232949268452,529.53915624,241.54079173447,241.54079173447,0.456136084911979,0.456136084911979,1,NA,NA,25.2175338745117
"115","RU-Che",161.3414,68.613,4,2002,2005,4,"WET",6,2,NA,NA,NA,NA,NA,NA,0,NA,NA,NA,NA,NA,NA,NA,NA,NA,NA,NA,NA,1.859020352,0,0.201808881749364,70.8827078875,362.467284514706,64.6626637526512,1.04133382297322,1.24439214355579,0.692547604691237,2,"150",0.259101724624634
"116","RU-Cok",147.4943,70.8291,48,2003,2014,12,"OSH",17,-31,NA,NA,NA,NA,NA,NA,0,NA,NA,NA,NA,NA,NA,NA,NA,NA,NA,NA,NA,0,0,0.899868856895238,262.678390945,291.309246521915,262.978772233912,0.876192300820237,-0.138706298068417,0.912548938580851,2,"150",1.12297163009644
"117","RU-Fyo",32.9221,56.4615,265,1998,2014,17,"ENF",222,-43,0.938360789754544,13.4397178655556,10.3354487760653,8.30274255622705,0.73924585640168,0.748131286625089,1,0.869236346374245,0.957223102779419,3,0.804322320736996,1,NA,NA,NA,NA,NA,NA,NA,25.449197769,0,1.02859575995321,675.034940804118,657.844181301119,548.25651135173,0.818525127037857,0.994533541167015,0.953428509676016,4,"150",17.0873046875
"118","RU-Ha1",90.0022,54.7252,446,2002,2004,3,"GRA",492,46,NA,NA,NA,NA,NA,NA,0,NA,NA,NA,NA,NA,NA,NA,NA,NA,NA,NA,NA,23.338775635,0,0.778912571424855,504.74139949,646.559507341819,502.455486015192,0.997253139024983,1.29863160777048,0.885982166804378,4,"150",22.2964477539062
"119","SD-Dem",30.4783,13.2829,500,2005,2009,5,"SAV",596,96,34.666450034904,52.0194751106756,77.7923784494087,96.5965146680339,0.817201620803368,0.411263708351807,1,0.406626573219937,NA,1,0.206963052735823,2,1,0.825357588916754,0.658254941102195,1.00604146782678,0.755860990902868,0.529661188130358,"1",13.103040695,2,0.283620089477798,517.58979812,1825.35206105066,517.676448757832,1.00016533481362,3.53746855210175,0.303242997234181,6,"150",24.4037200927734
"120","SN-Dhr",-15.4322,15.4028,40,2010,2013,4,"SAV",37,-3,13.1167026154115,25.5449279761866,69.3667157584683,25.8870119666456,0.910982055849901,0.790400068674952,1,0.702996930755269,1.1050873089464,1,0.623052719546602,2,1,0.655678212185543,0.479061979620002,0.939585952820748,0.798532258921448,0.730658413860512,"1",10.799049377,2,0.267581692789777,550.96019369,2063.14829580951,551.091931174795,1.00029782866213,3.76833306139374,0.275221514242227,6,"100",5.40772819519043
"121","US-AR1",-99.42,36.4267,611,2009,2012,4,"GRA",608,-3,NA,NA,NA,NA,0.574673260831152,0.561878603743275,3,NA,NA,NA,NA,NA,NA,NA,NA,NA,NA,NA,NA,19.303743362,1,0.550267711920884,712.7915540325,1301.45009794997,708.547392338558,0.996630607952291,1.88753351596311,0.673661237404871,4,"150",25.4001708984375
"122","US-AR2",-99.5975,36.6358,646,2009,2012,4,"GRA",633,-13,NA,NA,NA,NA,0.478086128833634,0.533509009797055,3,NA,NA,NA,NA,NA,NA,NA,NA,NA,NA,NA,NA,43.456218719,1,0.473664896799809,616.48448172,1304.47941610044,615.62122515454,1.00063168874312,2.12064814126095,0.60662680366384,4,"150",30.4939270019531
"123","US-ARb",-98.0402,35.5497,424,2005,2006,2,"GRA",422,-2,NA,NA,NA,NA,0.859057622496688,0.885871096758743,3,NA,NA,NA,NA,NA,NA,NA,NA,NA,NA,NA,NA,9.651370049,0,0.704276864335061,916.84527937,1303.84553164313,852.042425431842,0.926099838563957,1.42624646205902,0.721403770297891,4,"150",16.0808410644531
"124","US-ARc",-98.04,35.5465,424,2005,2006,2,"GRA",422,-2,NA,NA,NA,NA,0.844695148479758,0.882103280118372,3,NA,NA,NA,NA,NA,NA,NA,NA,NA,NA,NA,NA,9.651370049,0,0.749293284678157,968.17129192,1293.64288803331,889.524478743196,0.916549770305011,1.338255221182,0.742131699119374,4,"150",16.0808410644531
"125","US-ARM",-97.4888,36.6058,314,2003,2012,10,"CRO",315,1,NA,NA,NA,NA,0.674439590801951,0.625464657013681,3,NA,NA,NA,NA,NA,NA,NA,NA,NA,NA,NA,NA,9.182005882,0,0.689500902171304,834.232086722,1217.79835214808,800.348376938545,0.968658230863287,1.52564181682146,0.767361174024788,4,"150",2.97343139648437
"126","US-Blo",-120.6328,38.8953,1315,1997,2007,11,"ENF",742,-573,NA,NA,NA,NA,0.55965775430905,0.574741904957388,3,NA,NA,NA,NA,NA,NA,NA,NA,NA,NA,NA,NA,39.721092224,0,1.24226391157888,1581.85055138818,1277.71102771651,644.963108167281,0.418316808209081,0.841839619810899,0.717713597303762,4,"75",92.4432189941406
"127","US-Cop",-109.39,38.09,1520,2001,2007,7,"GRA",2077,557,NA,NA,NA,NA,0.430163442619789,0.399860390095957,3,NA,NA,NA,NA,NA,NA,NA,NA,NA,NA,NA,NA,131.740097046,2,0.306998515829107,411.856980515714,1342.1701910359,409.841389911001,0.996232697231756,3.28542447692269,0.472470598773025,4,"100",112.400024414062
"128","US-GBT",-106.2397,41.3658,3191,1999,2006,8,"ENF",2742,-449,NA,NA,NA,NA,NA,NA,0,NA,NA,NA,NA,NA,NA,NA,NA,NA,NA,NA,NA,66.386199951,1,0.720021240805518,677.981494295,942.150093604901,636.506389645709,0.940716804884377,1.39806710201962,0.826791631906393,4,"100",163.9294921875
"129","US-GLE",-106.2399,41.3665,3197,2004,2014,11,"ENF",2742,-455,0.407900860791321,3.72619006763588,2.27920227920228,-24.055785248042,0.546876354944408,0.538170734574629,2,1.01958962566614,0.986182027644456,3,0.985306495092583,1,NA,NA,NA,NA,NA,NA,NA,66.386199951,1,1.69111661830425,1580.66403335727,938.467340504603,757.393785759204,0.484997615521629,0.604589486100501,0.919690153478029,4,"100",163.9294921875
"130","US-Ha1",-72.1715,42.5378,340,1991,2012,22,"DBF",294,-46,-1.08015290919219,22.7115918630447,2.25165562913907,262.159999151322,0.826414580031982,0.810536566674559,2,NA,0.96046327113453,4,NA,NA,NA,NA,NA,NA,NA,NA,NA,64.97467804,0,1.59930181352071,1331.30540731864,834.62531135284,792.238441648323,0.609118677701067,0.645847423887906,0.986466591581174,6,"50",22.6330764770508
"131","US-KS2",-80.6715,28.6086,3,2003,2006,4,"CSH",5,2,NA,NA,NA,NA,NA,NA,0,NA,NA,NA,NA,NA,NA,NA,NA,NA,NA,NA,NA,1.723800063,NA,0.983604455108012,1344.870028295,1367.81064289209,1149.21719484359,0.858142020527863,1.02463826233708,0.904929838747554,2,"100",0.0809090256690979
"132","US-Los",-89.9792,46.0827,480,2000,2014,15,"WET",492,12,-0.554302547668151,17.2997898798354,2.10027100271003,716.596534340597,0.80674797479005,0.769380457938631,2,NA,0.945521998257621,4,NA,NA,NA,NA,NA,NA,NA,NA,NA,0,0,1.14198093265397,877.237555917333,770.915396872203,682.505791145356,0.799592428598255,0.909483531643381,0.959812054926433,6,"50",30.7028045654297
"133","US-Me1",-121.5,44.5794,896,2004,2005,2,"ENF",1230,334,NA,NA,NA,NA,NA,NA,0,NA,NA,NA,NA,NA,NA,NA,NA,NA,NA,NA,NA,24.876657486,0,0.358224982996001,306.14378259,854.529496129527,285.765109404728,0.935983900497189,2.79541006773455,0.547315137692977,5,"100",88.50556640625
"134","US-Me2",-121.5574,44.4523,1253,2002,2014,13,"ENF",1444,191,4.31690776040589,10.9456589297431,36.0054970224462,9.98108184472487,0.707052668360834,0.724721384345374,1,0.920803061512237,0.841053061323229,3,0.856140421166298,1,NA,NA,NA,NA,NA,NA,NA,50.620201111,0,0.720467489611785,626.53129835,870.755982086774,486.33472462145,0.80587241633087,1.48049377144962,0.774146971714587,5,"100",88.50556640625
"135","US-Me6",-121.6078,44.3233,998,2010,2014,5,"ENF",1444,446,NA,NA,NA,NA,0.682623606213601,0.701269011541334,3,NA,NA,NA,NA,NA,NA,NA,NA,NA,NA,NA,NA,0,0,0.637936602605351,546.892888132,858.447347831425,465.107023400496,0.870006741591033,1.61090916619365,0.772408579739074,5,"100",77.971728515625
"136","US-MMS",-86.4131,39.3232,275,1999,2014,16,"DBF",225,-50,-2.24667538735936,46.9932648141272,1.42707970762269,432.351910644138,0.85781053984097,0.828004985284815,2,1.09695507300871,0.867953277577651,3,1,1,NA,NA,NA,NA,NA,NA,NA,47.683685303,0,1.25526712501433,1231.94497014188,983.947072852137,881.26709659457,0.727462654412711,0.819150967791391,0.958578740372907,4,"150",8.30352478027344
"137","US-Myb",-121.7651,38.0498,-1,2010,2014,5,"WET",18,19,NA,NA,NA,NA,0.56967398654851,0.512067800330383,3,NA,NA,NA,NA,NA,NA,NA,NA,NA,NA,NA,NA,0.786398888,2,0.468191709656245,585.461358438,1254.41038121514,500.514565513747,0.903268760808936,2.30658352907111,0.595490409515112,4,"100",0.71763744354248
"138","US-Ne1",-96.4766,41.1651,361,2001,2013,13,"CRO",356,-5,NA,NA,NA,NA,0.878852908817887,0.874785593811381,3,NA,NA,NA,NA,NA,NA,NA,NA,NA,NA,NA,NA,5.552335739,0,1.00722240767666,1005.20890025923,997.817531940142,920.38461458881,0.923896074495214,1.00970696281819,0.968955355093917,4,"150",4.46238708496094
"139","US-Ne2",-96.4701,41.1649,362,2001,2013,13,"CRO",356,-6,NA,NA,NA,NA,0.801904092638531,0.756221330028864,3,NA,NA,NA,NA,NA,NA,NA,NA,NA,NA,NA,NA,3.797464848,0,1.04262134443785,1033.85926491308,992.056544284046,919.598515643026,0.903047713008551,0.983688282108549,0.972041186403399,4,"150",4.46238708496094
"140","US-Ne3",-96.4397,41.1797,363,2001,2013,13,"CRO",356,-7,NA,NA,NA,NA,0.815681210397709,0.759477040898673,3,NA,NA,NA,NA,NA,NA,NA,NA,NA,NA,NA,NA,4.776048183,0,0.865045522465799,857.850961730769,995.45612805027,799.624148000956,0.945776952372145,1.20440962404255,0.893876285630655,4,"150",4.46238708496094
"141","US-NR1",-105.5464,40.0329,3050,1998,2014,17,"ENF",3053,3,NA,NA,NA,NA,NA,NA,0,NA,NA,NA,NA,NA,NA,NA,NA,NA,NA,NA,NA,85.654312134,1,0.904046454038289,893.748932269412,989.637512590843,775.163378858751,0.883697328460474,1.13700637731559,0.885738425481243,4,"100",272.839575195312
"142","US-ORv",-83.0183,40.0201,221,2011,2011,1,"WET",294,73,NA,NA,NA,NA,0.716648768629004,0.707109491778009,3,NA,NA,NA,NA,NA,NA,NA,NA,NA,NA,NA,NA,0,0,1.63527485470921,1522.4482353,931.004491945622,821.464892999535,0.539568357040175,0.611517994739681,0.962087378908458,4,"150",2.46836395263672
"143","US-PFa",-90.2723,45.9459,470,1995,2014,20,"MF",478,8,-0.530600542870552,14.2844149345814,3.08351177730193,247.157041130824,0.77309449821833,0.76115272807559,2,0.842976105110225,0.940365993659287,NA,0.767484178557449,2,NA,NA,NA,NA,NA,NA,NA,4.942530155,0,0.945313878192093,736.3791302445,781.652230927148,670.833253391633,0.92850608323147,1.09730247105321,0.941371087714721,6,"50",29.530859375
"144","US-Prr",-147.4876,65.1237,210,2010,2013,4,"ENF",554,344,NA,NA,NA,NA,NA,NA,0,NA,NA,NA,NA,NA,NA,NA,NA,NA,NA,NA,NA,0,0,0.784934698747002,339.312774905,432.157912355515,333.677299952217,0.980620893447511,1.27721897526136,0.888323583621439,4,"150",45.0499053955078
"145","US-SRG",-110.8277,31.7894,1291,2008,2014,7,"GRA",1331,40,40.7830799420415,46.8173724652047,94.4206008583691,161.623257339263,0.832088263375813,0.840529394328766,1,0.441922062464266,1.040048124078,1,0.320426842437323,2,1,0.728623845439456,0.598546337623483,0.977955326798701,0.777752162873201,0.635608822899759,"1",101.363960266,2,0.400686430353325,625.184509457143,1561.54415365194,621.418182833499,0.993896935033818,2.55705008113702,0.462851128984562,4,"150",123.435339355469
"146","US-SRM",-110.8661,31.8214,1120,2004,2014,11,"WSA",1331,211,28.0958211960219,46.0610382475533,56.7061143984221,383.115095227957,0.790783545119986,0.722679895130025,1,0.634662761821032,1.1640584656748,1,0.501775194524807,2,1,0.808984668465522,0.780711261958726,0.846725005240272,0.699038087313552,0.632989817602536,"1",106.222518921,2,0.367982708778124,565.872679795455,1537.34824844633,562.983065939803,0.996721570732285,2.74230186211954,0.425621378720671,4,"150",80.3347412109375
"147","US-Syv",-89.3477,46.242,540,2001,2014,14,"MF",491,-49,-0.169897903222727,7.93466206871676,0.0851063829787234,1960.72058335511,0.737089816816575,0.727631495148713,2,NA,0.983105447175537,4,NA,NA,NA,NA,NA,NA,NA,NA,NA,9.26534462,0,1.05138422103129,790.483450206429,753.42267875868,666.887680255069,0.865996520485743,0.992962662061819,0.960430429590284,6,"50",35.2829467773438
"148","US-Ton",-120.966,38.4316,177,2001,2014,14,"WSA",385,208,28.2029964281362,43.9467278156387,62.451171875,101.722963110362,0.821402932190351,0.749958988016545,1,0.469310095836485,0.980379868833616,1,0.279686248245763,2,1,0.787361123801137,0.701009536667127,1.00027608306293,0.77420021525959,0.599849028415504,"1",33.893783569,1,0.572707218622292,752.467964832857,1318.58605005192,552.260753255042,0.766449026769351,1.86998608255878,0.641776053232069,4,"100",2.42766761779785
"149","US-Tw1",-121.6469,38.1074,-9,2012,2014,3,"WET",18,27,NA,NA,NA,NA,0.817036429977669,0.696289386815295,3,NA,NA,NA,NA,NA,NA,NA,NA,NA,NA,NA,NA,0,2,0.510200022247086,653.830323376667,1281.45093460139,515.578287375494,0.892708505636699,2.29358863086615,0.604219767340726,2,"150",0.125887453556061
"150","US-Tw2",-121.6433,38.1047,-5,2012,2013,2,"CRO",18,23,NA,NA,NA,NA,0.887213964735047,0.791760973285837,3,NA,NA,NA,NA,NA,NA,NA,NA,NA,NA,NA,NA,0,2,0.469111365532031,600.10153218,1279.91765117793,515.744287062006,1.00108091435034,2.59725947373211,0.617652706207871,2,"150",0.125887453556061
"151","US-Tw3",-121.6467,38.1159,-9,2013,2014,2,"CRO",18,27,NA,NA,NA,NA,0.746677390690314,0.739773892943494,3,NA,NA,NA,NA,NA,NA,NA,NA,NA,NA,NA,NA,1.791599393,2,0.43083664872435,554.20752466,1284.670501447,431.418614729881,0.838772784959393,2.69189753874622,0.502126884518374,2,"150",0.125887453556061
"152","US-Tw4",-121.6414,38.103,-5,2013,2014,2,"WET",18,23,NA,NA,NA,NA,0.758515172043127,0.878012106237633,3,NA,NA,NA,NA,NA,NA,NA,NA,NA,NA,NA,NA,0.669595599,2,0.353459266485469,452.84047113,1279.35119224211,376.811766915291,0.872201969555898,3.12910471683396,0.446497114253099,2,"150",0.125887453556061
"153","US-Twt",-121.653,38.1087,18,2009,2014,6,"CRO",18,0,NA,NA,NA,NA,0.872648314300919,0.187580283432487,3,NA,NA,NA,NA,NA,NA,NA,NA,NA,NA,NA,NA,0.522598088,2,0.449354513045544,562.207154303333,1252.0701104221,501.082615591548,0.940754475274286,2.38547821541432,0.602330345778068,2,"150",0.125887453556061
"154","US-UMB",-84.7138,45.5598,234,2000,2014,15,"DBF",201,-33,-4.09280684971356,43.8864627126637,1.98427555222763,695.823597612784,0.860331768789284,0.817695363144034,2,1.0818206650117,0.849066564201332,3,1,1,NA,NA,NA,NA,NA,NA,NA,22.384128571,0,0.932509918689311,746.513344688667,801.979627962769,658.268321902089,0.88643552912648,1.08407544219069,0.933850151789519,4,"150",4.76493530273437
"155","US-UMd",-84.6975,45.5625,239,2007,2014,8,"DBF",201,-38,-6.79558670024143,57.2954464882998,1.60055671537926,1011.51621188405,0.864759574250809,0.793070787320789,2,1.03438761018084,0.755724411506944,3,0.951560633115456,1,NA,NA,NA,NA,NA,NA,NA,26.893772125,0,1.0772606875256,848.625706075,791.551520854458,630.880144843997,0.750846932814035,0.950094809743547,0.924242417294521,4,"150",4.76493530273437
"156","US-Var",-120.9507,38.4133,129,2000,2014,15,"GRA",385,256,19.2498483323296,50.8600974183326,45.2593917710197,233.823658829596,0.845939586764592,0.803700594261756,1,0.0917203716707214,1.00003390477164,1,-0.166734556800919,2,1,0.785071595633185,0.562591060933792,0.96270811242422,0.65935677786152,0.297262758199235,"1",24.966936111,1,0.597920144835761,778.466407844667,1304.57383573731,556.346086192648,0.743508610862604,1.77074338704652,0.651288468614916,4,"100",2.42766761779785
"157","US-WCr",-90.0799,45.8059,520,1999,2014,16,"DBF",478,-42,-1.44704854156135,21.592024419197,6.81094844048377,601.427440999011,0.809214833322825,0.793323721007372,2,1.05744557018728,0.893566743863486,3,1,1,NA,NA,NA,NA,NA,NA,NA,19.449184418,0,1.05026836256527,822.503743095,783.789884449095,701.124726544153,0.869286219118451,0.985507182708716,0.964044434083496,6,"50",30.4060424804687
"158","US-Whs",-110.0522,31.7438,1370,2007,2014,8,"OSH",1372,2,NA,NA,NA,NA,0.718404920752411,0.617040208734034,3,NA,NA,NA,NA,NA,NA,NA,NA,NA,NA,NA,NA,95.705444336,2,0.34221078925848,518.3345869075,1515.56401503384,517.929440673676,0.999215999719258,2.96138989941004,0.391255861912916,4,"100",99.2072265625
"159","US-Wi0",-91.0814,46.6188,349,2002,2002,1,"ENF",271,-78,NA,NA,NA,NA,0.882003750809693,0.781896823622507,3,NA,NA,NA,NA,NA,NA,NA,NA,NA,NA,NA,NA,7.988667965,0,1.15164295080604,854.8840947,742.316960392682,705.816292360198,0.825628055003042,0.868324682836894,0.996230847031964,6,"100",6.46812286376953
"160","US-Wi3",-91.0987,46.6347,411,2002,2004,3,"DBF",271,-140,NA,NA,NA,NA,0.801738966287243,0.759512969853079,3,NA,NA,NA,NA,NA,NA,NA,NA,NA,NA,NA,NA,55.953411102,0,1.03319165509872,800.41980029,775.31423791224,677.696897719237,0.852017985654631,0.984168087382669,0.961975740863956,6,"100",6.46812286376953
"161","US-Wi4",-91.1663,46.7393,352,2002,2005,4,"ENF",271,-81,0.843293346916307,4.03575921754124,7.84313725490196,20.5771131853809,0.662423588586582,0.685474940873798,2,NA,1.01018124669931,4,NA,NA,NA,NA,NA,NA,NA,NA,NA,15.813638687,0,1.07776476241786,836.4707445675,776.610767558391,685.576719845259,0.827926252537903,0.945070868988153,0.967892697118939,4,"150",15.6022232055664
"162","US-Wi6",-91.2982,46.6249,371,2002,2003,2,"OSH",271,-100,NA,NA,NA,NA,0.570950330906734,0.553099539853161,3,NA,NA,NA,NA,NA,NA,NA,NA,NA,NA,NA,NA,1.860194921,0,1.06933521401292,800.710919275,747.556569042669,666.592172470444,0.838082963155101,0.942996649689732,0.974508802109154,4,"150",16.8750457763672
"163","US-Wi9",-91.0814,46.6188,350,2004,2005,2,"ENF",271,-79,NA,NA,NA,NA,0.447109103461928,0.378209564472841,3,NA,NA,NA,NA,NA,NA,NA,NA,NA,NA,NA,NA,7.988667965,0,1.18879795424726,881.22330616,740.155314524651,672.484375118937,0.766620264171267,0.844169782966075,0.983909663894325,6,"100",6.46812286376953
"164","US-Wkg",-109.9419,31.7365,1531,2004,2014,11,"GRA",1415,-116,NA,NA,NA,NA,0.764657305622251,0.759345905995293,3,NA,NA,NA,NA,NA,NA,NA,NA,NA,NA,NA,NA,132.06590271,2,0.345253617205175,522.359610566364,1512.14217822816,522.493221629295,1.00060547190674,2.93575481517017,0.39582362349325,4,"100",119.551831054687
"165","ZA-Kru",31.4969,-25.0197,359,2000,2010,11,"SAV",582,223,NA,NA,NA,NA,0.675490159118608,0.668237391808505,3,NA,NA,NA,NA,NA,NA,NA,NA,NA,NA,NA,NA,38.556751251,1,0.468555921972032,752.540108696364,1621.26667819644,745.363017562627,1.0016988196807,2.350767086648,0.465857498385024,4,"150",30.3972045898437
"166","ZM-Mon",23.2528,-15.4378,1053,2000,2009,10,"DBF",1048,-5,23.7871225407245,48.216399550176,55.625,74.3372788874723,0.797268176708793,0.342041098751361,1,0.556267537387722,1.03861833236027,1,0.472693157990314,2,1,1.00979970297369,0.887219247404305,0.926333621743025,0.579776640730503,0.47498850158401,"1",46.328605652,0,0.484361403480224,809.174266684,1671.93766933035,769.65781396327,0.953463205972302,2.12835852989611,0.474175262818004,6,"100",4.0496826171875
